	ID	Lat	Long	Types
0	5ea717ed62197cb53d307f9d316ae2df83beb766	54.67450999999999	25.285647	['bar', 'lodging', 'point_of_interest', 'establishment']
1	104c71e5ad05e8b35afc691425c32ad382651daa	54.69361139999999	25.2689315	['bar', 'point_of_interest', 'establishment']
2	516b486914d356072de4e0868d3d8210d255f658	54.6743889	25.2486841	['bar', 'point_of_interest', 'establishment']
3	d9f20f94337467d38e4b7fb4bf2b6e013b087031	54.67810590000001	25.284837	['bar', 'point_of_interest', 'establishment']
4	e1d6e3affca95e8e93a25b69a36408929dc3bbb5	54.694951	25.2749251	['bar', 'point_of_interest', 'establishment']
5	9559e3ed4a08be1612c132ec78b4f399d42a2a0b	54.679671	25.27889	['bar', 'point_of_interest', 'establishment']
6	e4beb5c248a28f5e39eb947e88e1a3a7d100c179	54.6822081	25.2795614	['bar', 'point_of_interest', 'establishment']
7	87fe01256fe40f2c375180a67679d982b5865f27	54.6764251	25.2895396	['bar', 'point_of_interest', 'establishment']
8	8fa9a82d5c85b605c9c5ee9d9d8c9fc0568c901b	54.6756967	25.28373029999999	['bar', 'cafe', 'hair_care', 'electronics_store', 'home_goods_store', 'store', 'health', 'point_of_interest', 'food', 'establishment']
9	a66ada685aa9005b8867790c73555965d5dfb1a9	54.676108	25.2882109	['bar', 'point_of_interest', 'establishment']
10	fc8563ae32b63662ed290debc09d8564bdfbda9f	54.6860369	25.2824002	['bar', 'point_of_interest', 'establishment']
11	29a95d89a2463969cad00c415a73d044e4b23260	54.68148309999999	25.2847582	['bar', 'restaurant', 'point_of_interest', 'food', 'establishment']
12	255b8f98bdbbb217194853824bae08079140c503	54.6959589	25.3076883	['bar', 'restaurant', 'point_of_interest', 'food', 'establishment']
13	6b150de391ac4bf8bbafe15cbd30af8bf1f4cb08	54.6804558	25.2730541	['bar', 'point_of_interest', 'establishment']
14	9f050c12ba6d3c446d550c5df223a45f03429cd5	54.6839653	25.2893491	['bar', 'point_of_interest', 'establishment']
15	5fee2794645d886d92e059b96cd01f9e9ba35ac6	54.6870913	25.2821533	['bar', 'restaurant', 'point_of_interest', 'food', 'establishment']
16	fece185faa0780b736d6ea9deea71decada6242f	54.69480739999999	25.278383	['bar', 'point_of_interest', 'establishment']
17	666598c7e5fb9b38e63edd6a24ca9ba85eb1e347	54.684161	25.279245	['bar', 'point_of_interest', 'establishment']
18	d1257cdcf7a7d48d83791ee0fef559c8ef86b1e5	54.693253	25.273525	['bar', 'point_of_interest', 'food', 'establishment']
19	17e58b9e2be80d8bca7ef5de272581dd359b8653	54.6800131	25.2863957	['bar', 'restaurant', 'point_of_interest', 'food', 'establishment']
20	0bfce89174fa3ee54df0d19a5e8dce2c5f8cf096	54.68451570000001	25.2824957	['bar', 'point_of_interest', 'establishment']
21	df92a3ee45b5b285d6924eb06bbbdc4e5fcb5d8d	54.6874098	25.2833515	['bar', 'restaurant', 'point_of_interest', 'food', 'establishment']
22	fe47ce505df3c9c087c6b10b67a01c52a0637850	54.6929619	25.2677853	['bar', 'point_of_interest', 'establishment']
23	57acba7618d67639db45aa7f3b8063f658e5ae79	54.68818659999999	25.2644838	['bar', 'point_of_interest', 'establishment']
24	ddfd1324805afd52774a7cb6dda2896cbc58bfed	54.68005499999999	25.2790113	['bar', 'point_of_interest', 'establishment']
25	df76a7fbad6a7e9d03ad39d403bac3e4988a62de	54.6846341	25.2824164	['bar', 'point_of_interest', 'establishment']
26	c8bed95ec7d2cb0bbb4ac2b9b8c7fca72281b28f	54.6856722	25.2820397	['bar', 'restaurant', 'point_of_interest', 'food', 'establishment']
27	2189c240e423a09c01a6fce846a258f86f10769f	54.6874	25.2832301	['bar', 'point_of_interest', 'establishment']
28	9eedd17de25c6012e3df392a47f3b80efa60bb36	54.6850941	25.2812006	['bar', 'point_of_interest', 'establishment']
29	75de8b26fe2cb5f378940fefbac04cda6ebb4cc4	54.684909	25.28221449999999	['bar', 'point_of_interest', 'establishment']
30	32ce09bd21234e55bfd6ee0dd64c9b81bc6b1112	54.684725	25.279352	['bar', 'restaurant', 'point_of_interest', 'food', 'establishment']
31	2b8a581969a3c6d9ed1b5418f2fa4c824f59c0d2	54.6862022	25.28465569999999	['bar', 'point_of_interest', 'establishment']
32	db136d991278b20efea8075de5a45d9e231632a1	54.6845507	25.27931359999999	['bar', 'point_of_interest', 'establishment']
33	260c75e5d58afa2ed6ccf06a5ae16113c9cddc0f	54.6840658	25.2794508	['bar', 'point_of_interest', 'establishment']
34	79585ca1783c51f8d4f7f02fd84ae258e1a09ae7	54.684086	25.2785996	['bar', 'point_of_interest', 'establishment']
35	91c2e1dc32d9f4f916183f81a4faa0201ed2b103	54.6839676	25.27884319999999	['bar', 'point_of_interest', 'establishment']
36	e8c942c9f4a82420799d77ffd8db9823a23c95ad	54.68421179999999	25.2779177	['bar', 'point_of_interest', 'establishment']
37	a086ba0e991c0754125ec053b3bde0e5bb292779	54.6842288	25.2842117	['bar', 'point_of_interest', 'establishment']
38	f27787c7d00e9dc264ca9f0c66b8276a0249395c	54.68377649999999	25.27887939999999	['bar', 'point_of_interest', 'establishment']
39	2292f484cb4ea1ab76bd080f4e3d73c2ee6ef74e	54.684652	25.285744	['bar', 'point_of_interest', 'establishment']
40	278ba8e31d16605711dd9973cbcc7a5f90b293ba	54.6891364	25.276168	['bar', 'point_of_interest', 'establishment']
41	8bf439bf826cb8496105110c94e7b62abf85e284	54.6887999	25.275657	['bar', 'point_of_interest', 'establishment']
42	4d2dcf7add1ea68cd84dd6e31f55d070e1dab4f0	54.689574	25.2764219	['bar', 'point_of_interest', 'establishment']
43	0729dfb50eb7575ef2094c5d492ea61d29ebc961	54.682374	25.2796978	['bar', 'point_of_interest', 'establishment']
44	232ca659a314b85e165859a2685eaf9c0d744196	54.69040599999999	25.2746138	['bar', 'point_of_interest', 'establishment']
45	279145280e3741bd0666e300277e16ee279ca94c	54.6864972	25.2857736	['restaurant', 'point_of_interest', 'food', 'establishment']
46	1c7303065123f97dfe2b25f61549216385dc1430	54.6798503	25.2862864	['restaurant', 'point_of_interest', 'food', 'establishment']
47	c8976751e077878424bd621ed9207a8365c468be	54.6795025	25.2833838	['restaurant', 'point_of_interest', 'food', 'establishment']
48	08d5217fa33e1e921a49f61a878bf6b13620978a	54.6869949	25.2815489	['restaurant', 'point_of_interest', 'food', 'establishment']
49	7de1be73cabfc49e208b294a234634aa49257186	54.6774609	25.26585469999999	['restaurant', 'point_of_interest', 'food', 'establishment']
50	359e796c3f1dbafc4e388a86e5a2dfd8015a68d9	54.679996	25.2859136	['restaurant', 'point_of_interest', 'food', 'establishment']
51	3031f4f188ea17c257fa6238a7695affd5b37b3c	54.6712283	25.2692027	['restaurant', 'point_of_interest', 'food', 'establishment']
52	f5358022dd07d67a43a13e577a0bfef495f917fb	54.6842711	25.277801	['restaurant', 'point_of_interest', 'food', 'establishment']
53	a6e565a54c1d0636e7fbf8e5d5053863c03adeb7	54.68555199999999	25.279187	['restaurant', 'point_of_interest', 'food', 'establishment']
54	2a75583ba47efb84bf88c4e832f8f1ed64258db0	54.681582	25.280692	['restaurant', 'point_of_interest', 'food', 'establishment']
55	ed3502da39090bef6a39bc297f13e88b25b50ce6	54.679789	25.278749	['restaurant', 'point_of_interest', 'food', 'establishment']
56	b6d02a8c82cddac095677a33fe5d59d317de7af3	54.6804223	25.2743503	['restaurant', 'point_of_interest', 'food', 'establishment']
57	9acd4a7e6da684cf544ff07a6c9ac4efc7edb00c	54.6900748	25.2640729	['restaurant', 'point_of_interest', 'food', 'establishment']
58	1d31cea8d9f4d361d1b9ca4c4b19c5759843ccbe	54.6863828	25.2792107	['restaurant', 'point_of_interest', 'food', 'establishment']
59	ffee3169542cabd7ac1364f2a9d9f8c566ba322f	54.686497	25.259449	['restaurant', 'point_of_interest', 'food', 'establishment']
60	8a0c6985caf2ebfac7d99137f90f7c9e4e543033	54.68061629999999	25.28614009999999	['restaurant', 'point_of_interest', 'food', 'establishment']
61	bdfc20fecc7d69d3878f4f4e8dea238ad1d90a66	54.7005727	25.2703932	['restaurant', 'point_of_interest', 'food', 'establishment']
62	0e04cb39a3e9ac4ab47aa065885909feb9340db9	54.6904119	25.2643186	['restaurant', 'point_of_interest', 'food', 'establishment']
63	d3b3aa4d56f666bb1cfecb35086ce5178d7eee26	54.6801236	25.2612304	['restaurant', 'point_of_interest', 'food', 'establishment']
64	59c980fd44294ca41c335414071dc9d653d584a1	54.675937	25.288386	['restaurant', 'point_of_interest', 'food', 'establishment']
65	22be1482bcbf4188890113f9b4b63fb84621fddb	54.695549	25.2597634	['restaurant', 'point_of_interest', 'food', 'establishment']
66	9b9949e4a4406e2efc49accc941b7cc0e71d2b5e	54.6809014	25.2699297	['restaurant', 'point_of_interest', 'food', 'establishment']
67	1a66c3b99951e29ab541a219dfd9392c31357555	54.68027399999999	25.2883142	['restaurant', 'point_of_interest', 'food', 'establishment']
68	0a0ac1d7e9b1d88966874f304985bc4e830fd4c4	54.6961765	25.27633879999999	['restaurant', 'point_of_interest', 'food', 'establishment']
69	f8edfb304fe1760de10a86bbb94ed5aab24bb2e1	54.676652	25.286793	['restaurant', 'bar', 'point_of_interest', 'food', 'establishment']
70	6a7ba405e6b71cfb5fb54803e97509ab347f615d	54.6755967	25.2833053	['restaurant', 'point_of_interest', 'food', 'establishment']
71	5facbb9ca3522a0fb161ab017138fdd3789bc945	54.6867027	25.2595354	['restaurant', 'point_of_interest', 'food', 'establishment']
72	2dc682496320c85beafef07f02214c3fd23e67d5	54.68342429999999	25.2894377	['restaurant', 'point_of_interest', 'food', 'establishment']
73	4ccb06ea832f42ab34cb9a1c2bd378f2fdd9d562	54.6867199	25.2862869	['restaurant', 'point_of_interest', 'food', 'establishment']
74	350138da80582263a6a1f0a61fca133d640e968a	54.68795189999999	25.2761551	['restaurant', 'point_of_interest', 'food', 'establishment']
75	0c7fd8f07d26ef3ec845beb3be342eabb8ad84f4	54.679681	25.285793	['restaurant', 'point_of_interest', 'food', 'establishment']
76	3f519f030aed5ba75dbc3e1878e33ba0e3d76c6d	54.68094900000001	25.2850663	['restaurant', 'point_of_interest', 'food', 'establishment']
77	c40e11f20ab02a04d27f1a8b4a35758f3a9e35ce	54.703605	25.279493	['restaurant', 'point_of_interest', 'food', 'establishment']
78	ec3889e6143abcf3c914541867ca5921362016b9	54.6811367	25.2698566	['restaurant', 'point_of_interest', 'food', 'establishment']
79	e5abb0068d77451fa4e2cfaddcd8496e1cc83d4a	54.6821914	25.2912539	['restaurant', 'point_of_interest', 'food', 'establishment']
80	01f1e34b6cc2492a3bdc8676089ecaf9873d2f53	54.6820262	25.2863703	['restaurant', 'point_of_interest', 'food', 'establishment']
81	c06273f08be41db57fb2a5bd8c0dd13e97e1fc2f	54.69609999999999	25.277416	['restaurant', 'point_of_interest', 'food', 'establishment']
82	774c527b49f0acfb22cc37d71d0badc2123bda2b	54.6864259	25.2860471	['restaurant', 'point_of_interest', 'food', 'establishment']
83	7c612c04702753982635f286f715735a84b70b5b	54.686569	25.283348	['restaurant', 'point_of_interest', 'food', 'establishment']
84	bd52c8bf57a04b52f50f6238831b10170bf6dbec	54.6877997	25.265312	['restaurant', 'point_of_interest', 'food', 'establishment']
85	6cea25cb3098cd4210f1cc42a65ee189e316cf07	54.68533299999999	25.2846053	['restaurant', 'bar', 'point_of_interest', 'food', 'establishment']
86	21bf9f8856ee25d87edcf4484f102e6f3e22486e	54.6756641	25.2888804	['restaurant', 'point_of_interest', 'food', 'establishment']
87	7838bf7d4925c9eaa1de528e7c4e3a8f27f2b358	54.6798921	25.287637	['restaurant', 'point_of_interest', 'food', 'establishment']
88	80eedc0f600546a88e51247b8d9cf9de8d521ec1	54.6792277	25.287243	['restaurant', 'point_of_interest', 'food', 'establishment']
89	2a29082fff9da1473dd693d06c0b7996fe7d6d2a	54.6802778	25.2933333	['store', 'point_of_interest', 'establishment']
90	6a3f9ee8a3a0cbd918b49b8f4aa249112c210ed3	54.680155	25.266054	['store', 'point_of_interest', 'establishment']
91	f6d1e021e99a55d3675d392b94fba4e8b356d8af	54.6790836	25.26706099999999	['store', 'point_of_interest', 'establishment']
92	2970e94bfbc59e4e8265525daf17aad79f2222df	54.69489300000001	25.2776291	['store', 'point_of_interest', 'establishment']
93	8ee67bf50f2e5f1415c503484bf4287351b3f103	54.6948689	25.2525904	['store', 'point_of_interest', 'establishment']
94	cc01d2a7e40a258821eaec50682ee98d4b1e936e	54.69046299999999	25.2778209	['store', 'point_of_interest', 'establishment']
95	59eb16b2ed46ef889578922295b4dd349867d94e	54.67274339999999	25.2665621	['store', 'point_of_interest', 'establishment']
96	b3ebf07a80b902fd369c350bed1b94a849f4ef13	54.69367949999999	25.2761333	['store', 'point_of_interest', 'establishment']
97	5a75bc4a3846ff3d6322d693e585271f0efbe1be	54.68195550000001	25.2675006	['store', 'point_of_interest', 'establishment']
98	1a5b4626d6baacac638c7f3c1e5d0d978114d3fa	54.68177489999999	25.2669955	['store', 'health', 'point_of_interest', 'establishment']
99	3d2a0e06709d64583de64c85d719cf0eb02475e8	54.6944173	25.2814599	['store', 'point_of_interest', 'establishment']
100	87a80a850629dd30f302ac9a53ac3309328cdd18	54.6877854	25.2842381	['night_club', 'bar', 'point_of_interest', 'establishment']
101	8c78fbb5998194d952d78608ed69d2e8cc908b71	54.67815299999999	25.2879786	['night_club', 'point_of_interest', 'establishment']
102	e59cf67e914f4711451b1241eeb9ff83f56f240f	54.67643	25.284621	['night_club', 'point_of_interest', 'establishment']
103	1222c0b0f694ff46eaae097a414f5dd6c5da84cb	54.67869	25.2667181	['night_club', 'bar', 'point_of_interest', 'establishment']
104	42fb2db949fc0743fd5f402cd7b011a94f839e0d	54.677026	25.288978	['night_club', 'bar', 'point_of_interest', 'establishment']
105	085b3842dedeeb996d7e17460dcfc51b4a60fe71	54.686206	25.275113	['night_club', 'restaurant', 'point_of_interest', 'food', 'establishment']
106	a442c44f4e81fd9d7b77634fbc18fe68ebd852e1	54.675767	25.2919579	['night_club', 'point_of_interest', 'establishment']
107	29e0a2bc6e7b73b91d5fda84f53932194e2bbb2d	54.6837099	25.2791814	['night_club', 'point_of_interest', 'establishment']
108	d9371c570d6941db3f33c310b9b9552b3100da63	54.692634	25.2860569	['night_club', 'point_of_interest', 'establishment']
109	6e1b026ab15524959589e6facdf0a00475c69e2e	54.67668639999999	25.2811783	['night_club', 'point_of_interest', 'establishment']
110	4e5c360657d2d3f4278cd9ea45405da7e5c0f836	54.6861858	25.2843999	['night_club', 'point_of_interest', 'establishment']
111	f7f5654b4052ed15414b6ba60e5da13b639109dd	54.6844261	25.2793772	['night_club', 'point_of_interest', 'establishment']
112	dcd9fab875482c6b462a843cd04ab274adf119ad	54.6841579	25.2778689	['night_club', 'point_of_interest', 'establishment']
113	910681d6b9323313192cde515b98032de7da29da	54.6836888	25.2790766	['night_club', 'point_of_interest', 'establishment']
114	ab51eec21d0dd9afdd861731cdebf7dda3001a78	54.6828669	25.2801741	['night_club', 'point_of_interest', 'establishment']
115	95d7c3638e36c5b8badcff5840a25b10d9fd2aee	54.6881155	25.274437	['night_club', 'bar', 'point_of_interest', 'establishment']
116	d171f423ac17ff5965b0887836459658797b3a0c	54.6824831	25.27992219999999	['night_club', 'point_of_interest', 'establishment']
117	4a1032ca51776b0831de487fbdfb3926337f586c	54.6849308	25.2691642	['night_club', 'point_of_interest', 'establishment']
118	dace2c8c6a94238c63797a96faa7ccd758f7b1e3	54.6930679	25.2698734	['night_club', 'bar', 'point_of_interest', 'establishment']
119	0f82069bcaa6206299406edb863a35544fc976f5	54.69293649999999	25.2684434	['night_club', 'point_of_interest', 'establishment']
120	4c0c3b6d4c854906365ce776ef4a696a2b1b5816	54.6985515	25.268662	['night_club', 'point_of_interest', 'establishment']
121	af82b0b3bac04f7103596a2225c1f13d80008460	54.67978249999999	25.2555299	['night_club', 'point_of_interest', 'establishment']
122	8f60ad55be90bbac0f372a9cdd521677356d8c7f	54.67519069999999	25.2447472	['night_club', 'point_of_interest', 'establishment']
123	05d666f52658f75d8eba4436ff97720f06c280c1	54.6871555	25.2796514	['night_club', 'point_of_interest', 'establishment']
124	83565c63e73ab331672971b6bd5713835bb71fee	54.6849392	25.2793975	['night_club', 'point_of_interest', 'establishment']
125	8eb64a6eeae922ca0bc4950fffaf403e30ba5860	54.68637829999999	25.276072	['night_club', 'bar', 'point_of_interest', 'establishment']
126	74e6e809910f1c462b9c3348a68cae07b16e4f96	54.684898	25.2848755	['night_club', 'point_of_interest', 'establishment']
127	46d500c25d47e3cf0b4236ce634ede79bb851d90	54.6839519	25.2791019	['night_club', 'restaurant', 'point_of_interest', 'food', 'establishment']
128	507d807e308fc907b9f78e4457d4e07af7d46f37	54.6884109	25.27649379999999	['night_club', 'point_of_interest', 'establishment']
129	2c9ad3a5fa4583f99dd624d8e75ebaf78b0191d4	54.68296669999999	25.2808325	['night_club', 'point_of_interest', 'establishment']
130	a2206de36d46cb4367823060a2412b33bf04c624	54.6826193	25.2799126	['night_club', 'point_of_interest', 'establishment']
131	5aa54d925ced6bf35b0c8573b250a030c323b102	54.69388499999999	25.2776685	['night_club', 'point_of_interest', 'establishment']
132	2f57543e22bc150b10667d9007868f4f28df833e	54.6791645	25.2844498	['night_club', 'point_of_interest', 'establishment']
133	1593e21557d53d55ccd007a90685a9f95356c454	54.67868900000001	25.2866318	['night_club', 'point_of_interest', 'establishment']
134	ca5cbf0402746de62e3694ef74162e620655a928	54.6781363	25.2858137	['night_club', 'point_of_interest', 'establishment']
135	c0b349ea17690eabc5bbd0bf2264fdf7a331ddd3	54.678044	25.2861461	['night_club', 'point_of_interest', 'establishment']
136	5453ea855213bc65bfb4d54b2f5f427f235be35d	54.6779828	25.286083	['night_club', 'point_of_interest', 'establishment']
137	d7f801196600d17de91b15709474df26362506aa	54.6774371	25.2842689	['night_club', 'bar', 'point_of_interest', 'establishment']
138	0d37d14e910b27d7ecbe6baf51f11d15beab32d2	54.6774241	25.2842512	['night_club', 'bar', 'point_of_interest', 'establishment']
139	e0a7f1b113c3afb209c4acfd01087ee9bc2e9852	54.6776027	25.2863216	['night_club', 'point_of_interest', 'establishment']
140	b8126edb64f41de780b7909b45cd9a02968a7198	54.68968	25.2647253	['night_club', 'point_of_interest', 'establishment']
141	1e83ded13118be36e536c56688861a1061b0c201	54.6768988	25.2869164	['night_club', 'point_of_interest', 'establishment']
142	78c810851d81192901e2f7e0f578ef62030bcc3a	54.676836	25.2867649	['night_club', 'point_of_interest', 'establishment']
143	00a822a6c4e9cf57b0eeff819eb6cdab5f4a6228	54.6778516	25.2707819	['night_club', 'point_of_interest', 'establishment']
144	7270cb15d4c0819e783dc784cdeaf8580b6d965b	54.6754994	25.2889829	['night_club', 'bar', 'point_of_interest', 'establishment']
145	ad6f38118822feba8f651945f399bf3bc9de8f02	54.6975724	25.2696327	['night_club', 'point_of_interest', 'establishment']
146	c15fd273295fae19ed15a2259de0012fe4319c7c	54.67803019999999	25.2984673	['night_club', 'point_of_interest', 'establishment']
147	0d6559c80ed4385e95482d8711fd215935e63783	54.67633600000001	25.2657731	['night_club', 'point_of_interest', 'establishment']
148	6e42e1d20769e91a01a0732b2cc9d0a21eec371a	54.68805149999999	25.3055266	['night_club', 'point_of_interest', 'establishment']
149	9deff5b8a8ec30a2d093d25d4d68f7b51777e5bb	54.6715423	25.2684618	['night_club', 'bar', 'point_of_interest', 'establishment']
150	da51be6b348445104d95dcc52fdbfc1061c958b0	54.6708296	25.2917082	['night_club', 'point_of_interest', 'establishment']
151	ccd17602d835c3899a793a9814b6cda7806a484c	54.6696642	25.2827634	['night_club', 'point_of_interest', 'establishment']
152	18e1c019cf2bfbc0d543ea8f8b6e5c7711c2c97a	54.6908669	25.2516494	['night_club', 'point_of_interest', 'establishment']
153	de70c85b8ffdc1ae097be52adea98f690896c9b3	54.70217210000001	25.2526412	['night_club', 'point_of_interest', 'establishment']
154	ba97ffbb593b3228505749c4a4b58d0081c4ea16	54.6979013	25.302721	['park', 'point_of_interest', 'establishment']
155	0d3170d5255e820df6f172699f0985db27d91168	54.6875874	25.2806557	['park', 'point_of_interest', 'establishment']
156	e5508d1540ecc96fb96353b571e21056c4ca7c84	54.6829924	25.2759484	['park', 'point_of_interest', 'establishment']
157	068878b228e21be701a3acdcb37464151b0bb7d5	54.690678	25.273915	['park', 'point_of_interest', 'establishment']
158	601a1b17f1239af5075cd02ce5485ccf0caf12a0	54.70396299999999	25.2686431	['park', 'point_of_interest', 'establishment']
159	08c98a8bcdd4be307a1bdddfe8782b73f70f76d5	54.6976948	25.3098556	['park', 'point_of_interest', 'establishment']
160	9c9985a61eb033f0e8c744c4e1e1b1ead47eed12	54.666729	25.291393	['park', 'point_of_interest', 'establishment']
161	d2b40d420cdbd373afcbb3a7272b6f5012b260de	54.682928	25.237667	['park', 'point_of_interest', 'establishment']
162	46626ba4c2e586d4183620bbad48ca2e9d3f1e81	54.6893141	25.2708089	['park', 'point_of_interest', 'establishment']
163	46403f9550d2e36dddf44de9b5bf1b1e755a54e7	54.68757209999999	25.2805981	['park', 'point_of_interest', 'establishment']
164	1b9b99bad2b0ba2861594d6a822be4505f607848	54.6842872	25.2762945	['park', 'point_of_interest', 'establishment']
165	d4b6c605b2103147e7621cfe840e97878c2be4fb	54.68747150000001	25.2878097	['park', 'point_of_interest', 'establishment']
166	968a7502930bc97a1ae29fb75c55437b4fadcfe2	54.68127519999999	25.2761931	['park', 'point_of_interest', 'establishment']
167	b0408343106a426321636f8cf5b9b85fd62ed3c5	54.68902130000001	25.2707642	['park', 'point_of_interest', 'establishment']
168	873452bcf6555f2bdc5243e43d44262eaae3cff3	54.68205179999999	25.2726437	['park', 'point_of_interest', 'establishment']
169	4a1e0d891a4a55f352cb7c9dc4aedb69e03e0433	54.6857726	25.2692735	['park', 'point_of_interest', 'establishment']
170	ccb15d37c79f221f787603621ada012d068172f7	54.6862532	25.293226	['park', 'point_of_interest', 'establishment']
171	3c33b65b63df4f82bb290923de551817e114340f	54.679337	25.2838869	['park', 'point_of_interest', 'establishment']
172	c14b6dca3f29a2f7ec235b6778ea755f9cbdab88	54.6831386	25.2691801	['park', 'point_of_interest', 'establishment']
173	b725c92c129d42b1c41d16d70797e44227475ab0	54.67962230000001	25.2879589	['park', 'point_of_interest', 'establishment']
174	1e2e394e5b7042a757f74a43c1398c2174788584	54.6952755	25.2804002	['park', 'point_of_interest', 'establishment']
175	4ff1ae2302d460397f6e2f4bb9944d190587cca8	54.69401519999999	25.27281469999999	['park', 'point_of_interest', 'establishment']
176	15dc212040fe113e53268a73ccb9f71fcb4687de	54.69520539999999	25.2728549	['park', 'point_of_interest', 'establishment']
177	c044cda046675a87c9c0458ab9af48540656fcc4	54.6818995	25.2642682	['park', 'point_of_interest', 'establishment']
178	d4b60680a6fa8a6fb048d8bafde36752b73e8e84	54.69779279999999	25.2795209	['park', 'point_of_interest', 'establishment']
179	b59cb77de13125eaeaa773b689ff29af0491ce38	54.6758234	25.2856737	['park', 'point_of_interest', 'establishment']
180	4cdcece7eed1d50f84a17e68226436e188f8d7f9	54.6842959	25.3007727	['park', 'point_of_interest', 'establishment']
181	ec5394e33948202ff349b9d5d8fb3fd6869f5a4c	54.6747577	25.2856912	['park', 'point_of_interest', 'establishment']
182	92ebbd9ac2f858cb0b975b8b6f00bac0efbd5cba	54.6745923	25.2870187	['park', 'point_of_interest', 'establishment']
183	b94c14becc2fd1f3c7abea46f4a04b8d4fba8ad9	54.67839009999999	25.2975116	['park', 'point_of_interest', 'establishment']
184	de3bfd345e26e63a8263ee30449ab6ad30dd525d	54.6737305	25.2774661	['park', 'point_of_interest', 'establishment']
185	424cab9f4bcff3266df9f889a12afbc7210918f6	54.69016519999999	25.2576013	['park', 'point_of_interest', 'establishment']
186	2a8a10eb910611789bd92b2716d2ddfdc46ff4d2	54.6798047	25.2590463	['park', 'point_of_interest', 'establishment']
187	0bf4fb84ab6e511b9b0cc1b6261a22148b0494be	54.6732299	25.2676229	['park', 'point_of_interest', 'establishment']
188	d5ef9d9af6690a1351faca53cf99fee24817d909	54.6841405	25.2527239	['park', 'point_of_interest', 'establishment']
189	07d565c7dc8ef0d4d747889ca5e3c68dc2dd3648	54.6897408	25.2522311	['park', 'point_of_interest', 'establishment']
190	5f2bc5977adbaeebc3237c3fa5673923baec6bc7	54.7022593	25.2681725	['park', 'point_of_interest', 'establishment']
191	e3133b69605a52b2a5e22685aee59de98481669f	54.7040519	25.2841863	['park', 'point_of_interest', 'establishment']
192	c26bb7a19a1c6a16097c50406801391e6d49d815	54.6863086	25.2475709	['park', 'point_of_interest', 'establishment']
193	525b94156772b047e8a0946a0a6c07ce41f2c6e6	54.68172080000001	25.2481794	['park', 'point_of_interest', 'establishment']
194	a51eec3ac5d185bcbb5e9b89c45f47b55addc41b	54.69908710000001	25.310504	['park', 'point_of_interest', 'establishment']
195	ce08b6e9a982769353011adb9786b96bc4aef1ba	54.6944132	25.2425419	['park', 'point_of_interest', 'establishment']
196	ea1c358e9abdc6fdd7c66d1aa7983725b495bfe0	54.7091985	25.2983609	['park', 'store', 'general_contractor', 'point_of_interest', 'establishment']
197	3408da8c8211ee16e45489b7983bd0a88d27ed50	54.6855179	25.285463	['park', 'premise', 'point_of_interest', 'establishment']
198	cbc4ac6a42a799887a69fb633a522b47c152a0d4	54.6838808	25.2843734	['park', 'premise', 'point_of_interest', 'establishment']
199	1c73dcc2b7bb58eb4c7346dd96c81016898d47be	54.6863081	25.2996098	['park', 'premise', 'point_of_interest', 'establishment']
200	a2be59734ef1d8ea22a9eb258ac74ad7a63ba9e6	54.6876111	25.2872843	['park', 'premise', 'point_of_interest', 'establishment']
201	d76aead02d14602034ce6b9d32724b1e6a545819	54.688393	25.2742034	['park', 'premise', 'point_of_interest', 'establishment']
202	30bd52fbfed5e84fff025ded00de4dc44567177c	54.6820554	25.280425	['park', 'premise', 'point_of_interest', 'establishment']
203	5164d6b0b629cb5e25eacec3a0085e5dc06eef62	54.6814388	25.2761954	['park', 'premise', 'point_of_interest', 'establishment']
204	a12b1417c5d92de31e0e4067975b6d74c2c21852	54.6853904	25.2691563	['park', 'premise', 'point_of_interest', 'establishment']
205	b54f3637fb884295aa63810e7b806b26c39802c4	54.6811672	25.2877036	['park', 'premise', 'point_of_interest', 'establishment']
206	4c766d4b7aa4057dfc48870f3f80b3904be9a13b	54.6863081	25.2996098	['park', 'premise', 'point_of_interest', 'establishment']
207	54eb8a84da15a8029e3716fc333eb961eb65d11a	54.6919012	25.2708032	['park', 'premise', 'point_of_interest', 'establishment']
208	6965b82598132196f0785d74583e22acc03fafab	54.6866747	25.2811306	['bank', 'finance', 'point_of_interest', 'establishment']
209	37a0b7361444015c3b016938ff20a31fb178e718	54.682652	25.2720799	['bank', 'finance', 'point_of_interest', 'establishment']
210	35b03606fabc6a372f94291fe960411e1908729f	54.6980515	25.2712409	['bank', 'finance', 'point_of_interest', 'establishment']
211	b79de553629de7386694a9309f50f3c918cd5b65	54.68043249999999	25.282312	['bank', 'finance', 'point_of_interest', 'establishment']
212	edf18f2db0cb1e1e7c375aa47e32a2e86da7ba12	54.679959	25.2829592	['bank', 'finance', 'point_of_interest', 'establishment']
213	86d787ad3615c5427923e9d5bfaea2d978f1a28f	54.6862529	25.2832708	['bank', 'finance', 'point_of_interest', 'establishment']
214	4938aecd3661abda76a847b9c9c4fa7495b0ad22	54.6857	25.2786369	['bank', 'finance', 'point_of_interest', 'establishment']
215	9a5d28bde5eafced96089bfe70d0bf7b3bfbdb3e	54.6944026	25.2825494	['bank', 'finance', 'point_of_interest', 'establishment']
216	77c112e5ce14787ba6f112b2b78001902d8c43c4	54.68043249999999	25.282312	['bank', 'finance', 'point_of_interest', 'establishment']
217	755eaf134a78dc75d2329b299525452cd3f49f88	54.68722460000001	25.2696567	['bank', 'finance', 'point_of_interest', 'establishment']
218	57b44303a2c9c054d064b190f1b6cf2f3b4a7614	54.6758409	25.2513027	['bank', 'finance', 'point_of_interest', 'establishment']
219	16aa163f0ba98c728a92c2489164f711e8e233dc	54.6952289	25.2746289	['bank', 'finance', 'point_of_interest', 'establishment']
220	7989f135d2b96b98db0448dac79f422fdb928f62	54.6875209	25.2761499	['bank', 'finance', 'point_of_interest', 'establishment']
221	dec4daa8c87247c64fadb6113aebbba7c494c2a7	54.69001549999999	25.2893646	['bank', 'finance', 'point_of_interest', 'establishment']
222	6f50b0af1903c4e81667b9379b2cc3d37d1396c7	54.6842639	25.27730399999999	['bank', 'finance', 'point_of_interest', 'establishment']
223	c2e550cf8b5a70cfcaf2851b48ea7f8d2b1cf78a	54.6867197	25.2790043	['bank', 'finance', 'point_of_interest', 'establishment']
224	5569d3cc265a773c20c71be3c5f7aff33078244f	54.70067619999999	25.261947	['bank', 'finance', 'point_of_interest', 'establishment']
225	67c07bd0fa0eb3b55d22b80796b61e78eb74782d	54.696416	25.2779153	['bank', 'finance', 'point_of_interest', 'establishment']
226	52af456a9a314c26da2e210e07a24037695a45d5	54.6963506	25.2735676	['bank', 'finance', 'point_of_interest', 'establishment']
227	dddec54bad67454b70a9fa1b4e77f6ed2d5dba27	54.6973089	25.273452	['bank', 'finance', 'point_of_interest', 'establishment']
228	c4f2b2671f7b852e011b54fc3d664711813af600	54.6748269	25.2676074	['bank', 'finance', 'point_of_interest', 'establishment']
229	6c00b51b091c1f63597bef02b666ff0cbff96204	54.69318269999999	25.2646633	['bank', 'finance', 'point_of_interest', 'establishment']
230	f8a64b14b141a0b9e7a61e17652ef98910701843	54.686004	25.285058	['bank', 'finance', 'point_of_interest', 'establishment']
231	482b3333e825f50b2f5c17b08f42f231e93bb367	54.67729720000001	25.28404399999999	['bank', 'finance', 'point_of_interest', 'establishment']
232	944e163301e047d4e994b9c29aadae556e3ee835	54.69806919999999	25.2712612	['bank', 'finance', 'point_of_interest', 'establishment']
233	dc53644226b95328387a51d366ee143a51c05f2a	54.67725299999999	25.26629519999999	['bank', 'finance', 'point_of_interest', 'establishment']
234	160bd8ff523e3e0ec701102e8a0ba94df6e87e19	54.699865	25.2584308	['bank', 'finance', 'point_of_interest', 'establishment']
235	f08d46b3c70393cf9f7f7d9346ce19bc11ffad80	54.6760971	25.2614366	['bank', 'finance', 'point_of_interest', 'establishment']
236	e7b7fbefcc4e49b4d8b6dc8c074ddd023110d07b	54.67006509999999	25.2828401	['bank', 'finance', 'point_of_interest', 'establishment']
237	8836b5b5a8aa55e3720e5e3b56c1ce3ed7c4619e	54.7037434	25.276711	['bank', 'finance', 'point_of_interest', 'establishment']
238	fe9e4cf5a4881f4767b6539dfede1e6da8e86a59	54.69924520000001	25.2598512	['bank', 'finance', 'point_of_interest', 'establishment']
239	4f58521a50b9f34157b97b6076ecbba683c2f1f1	54.6758873	25.2513678	['bank', 'finance', 'point_of_interest', 'establishment']
240	d6c991bc5ce15f2206c16052bba159dd640b55f1	54.69957669999999	25.257964	['bank', 'finance', 'point_of_interest', 'establishment']
241	8407c78099674b671263bf8c3b784c61e880832a	54.704835	25.271521	['bank', 'finance', 'point_of_interest', 'establishment']
242	057bb37fe8b760935376e9010e6f66ef3878edd6	54.693389	25.25029	['bank', 'finance', 'point_of_interest', 'establishment']
243	69c52f404d1f8812012dd3fedc6bf32a5cc2f628	54.6963624	25.2507452	['bank', 'finance', 'point_of_interest', 'establishment']
244	e57146c676f704f791efb984415aca63f53eaea2	54.6709213	25.25978650000001	['bank', 'finance', 'point_of_interest', 'establishment']
245	4821f978f563cdb1bf76d3f1eb57eca5ecbcb46b	54.6983359	25.2493231	['bank', 'finance', 'point_of_interest', 'establishment']
246	81a1a59ab0bc7a8611e304b25e4daf7aff724dfb	54.6983359	25.2493231	['bank', 'finance', 'point_of_interest', 'establishment']
247	3b3d92d15649da4638781b89c64873daed35ab82	54.71048769999999	25.265519	['bank', 'finance', 'point_of_interest', 'establishment']
248	871c1b161e087afa8326ada7129d0e4f836ad4b7	54.7102116	25.2640952	['bank', 'finance', 'point_of_interest', 'establishment']
249	c18c9238ff3ea8a40777a6f81b042c4158282306	54.7109116	25.2652982	['bank', 'finance', 'point_of_interest', 'establishment']
250	2524dd6153e18aec0b85e414d203777a1a79cc30	54.71075	25.263756	['bank', 'finance', 'point_of_interest', 'establishment']
251	f6c0faf939d406b42a6bb0a675bc4e38c0cf1a52	54.711219	25.295907	['bank', 'finance', 'point_of_interest', 'establishment']
252	a1c9cbc8377594c4f773c6c669a2151b0f177856	54.6868912	25.2815303	['bank', 'finance', 'point_of_interest', 'establishment']
253	eb93cc71d95500b000a05317b3f3100cffc701ba	54.686915	25.2827509	['bank', 'finance', 'point_of_interest', 'establishment']
254	1c9cb57c3801348e026e276cbc7b55656954d66a	54.686645	25.278835	['bank', 'finance', 'point_of_interest', 'establishment']
255	7e5ecd708befd720f2dbe68a32b2dbdd6ff3da04	54.6863293	25.2788431	['bank', 'finance', 'point_of_interest', 'establishment']
256	4afa99bdc010a9c4c37252e9f5f6f557778a5015	54.6854339	25.2846329	['bank', 'finance', 'point_of_interest', 'establishment']
257	becbc725f72d0eedb3b2a348f4a617369ab77c49	54.68263689999999	25.2763737	['bank', 'finance', 'point_of_interest', 'establishment']
258	fb7a3e2644eaea49373e210158ba7168524fd7e4	54.69324899999999	25.2768	['bank', 'finance', 'point_of_interest', 'establishment']
259	b630f15c4e8835c44b899af284508751efda7e24	54.694269	25.28363989999999	['bank', 'finance', 'point_of_interest', 'establishment']
260	83aa45ae708ff426da7e9737c7b13528ad899abb	54.689031	25.267273	['bank', 'finance', 'point_of_interest', 'establishment']
261	2fd2b6b2c16a6e354bc6064e7b2958ed3c9f5fe1	54.6816824	25.2685902	['bank', 'finance', 'point_of_interest', 'establishment']
262	2bf4806f2f95f568ef65c352408445835aea830d	54.679883	25.2707495	['bank', 'finance', 'point_of_interest', 'establishment']
263	343734c9748b4e13ba090fb9e6caaaca5f931a24	54.69586939999999	25.2733112	['bank', 'finance', 'point_of_interest', 'establishment']
264	24125d6b93e0e359e0405299952774d8cd23291b	54.6964497	25.2733636	['bank', 'finance', 'point_of_interest', 'establishment']
265	0863058a78a495ced0f5538836c9d698125962d7	54.6765969	25.287959	['bank', 'finance', 'point_of_interest', 'establishment']
266	a759592a9f83130751e91ac30080b950d3110a9e	54.67730160000001	25.2666912	['bank', 'finance', 'point_of_interest', 'establishment']
267	0cf6980c295628c617d116295fd329c1c51df20e	54.677289	25.266513	['bank', 'finance', 'point_of_interest', 'establishment']
268	2ddcd897616b178e136b7909053d9a550ed539e3	54.6706744	25.2818276	['bus_station', 'transit_station', 'point_of_interest', 'establishment']
269	391ee79a65f05464230097cc7b0e38a72a52907e	54.68753	25.2798	['bus_station', 'transit_station', 'point_of_interest', 'establishment']
270	e056da19093fe7083342d8df7659483e699b0f3f	54.68871	25.2798201	['bus_station', 'transit_station', 'point_of_interest', 'establishment']
271	54a0259e5deca08063ffe40c211dd0d121690483	54.68526	25.27821	['bus_station', 'transit_station', 'point_of_interest', 'establishment']
272	037650602c604e5abe68ad27b0969d16aaf9f3c0	54.685	25.27640999999999	['bus_station', 'transit_station', 'point_of_interest', 'establishment']
273	7e7b297969021cb743c7b51685684dc89bf06170	54.68665	25.28644	['bus_station', 'transit_station', 'point_of_interest', 'establishment']
274	193c5ac26eab742e7256b5090fe4ba81763f8d6a	54.68667	25.28675	['bus_station', 'transit_station', 'point_of_interest', 'establishment']
275	3585927a96a6f7ae9eac124c4e32d8615ae36f8e	54.68371	25.27701	['bus_station', 'transit_station', 'point_of_interest', 'establishment']
276	d7d1c6e3403b2cb158602f849bbcb92ca3be7c3d	54.68866999999999	25.28663	['bus_station', 'transit_station', 'point_of_interest', 'establishment']
277	4a4591fd89fad7cbc0b4049b0e730a00a7b9ff5c	54.68857999999999	25.2874099	['bus_station', 'transit_station', 'point_of_interest', 'establishment']
278	4aa74c72bfb958fefc5ece45479a405863114de8	54.69081	25.27732	['bus_station', 'transit_station', 'point_of_interest', 'establishment']
279	7a50bb7a2e5e9bc084d3ce24bca35e7516041527	54.68821999999999	25.289	['bus_station', 'transit_station', 'point_of_interest', 'establishment']
280	5be1170107eb3e5628754bc0be36e505e76cf74b	54.69123	25.27574	['bus_station', 'transit_station', 'point_of_interest', 'establishment']
281	fd6ad9dd9ad89b07d9d49d362a953948e720cd95	54.68149	25.2774	['bus_station', 'transit_station', 'point_of_interest', 'establishment']
282	1c94f645f20741935715bd4f52f8114d7d68d2ec	54.69004	25.2887	['bus_station', 'transit_station', 'point_of_interest', 'establishment']
283	b9c844e35473c45758100e375ab3f2faa296d5da	54.69234	25.28003	['bus_station', 'transit_station', 'point_of_interest', 'establishment']
284	2261faf559ac539a8eaec9a65a9b0c46e601acc5	54.69236000000001	25.28047999999999	['bus_station', 'transit_station', 'point_of_interest', 'establishment']
285	d685455655536e10ca59be8a21c876e2635061c9	54.68472	25.2902499	['bus_station', 'transit_station', 'point_of_interest', 'establishment']
286	5c1636f8ae297dfd21cf94e49779df7622221bc3	54.68116999999999	25.27731	['bus_station', 'transit_station', 'point_of_interest', 'establishment']
287	e889b952f88e68ed45ab82eff5a311c2592d82e7	54.68497000000001	25.2910999	['bus_station', 'transit_station', 'point_of_interest', 'establishment']
288	9a375c352d416836fd6e153901c7e820435e2d42	54.69037	25.27231	['bus_station', 'transit_station', 'point_of_interest', 'establishment']
289	46059688080659782340540d6c8ccec538cb588f	54.68057	25.28274	['bus_station', 'transit_station', 'point_of_interest', 'establishment']
290	c9e7a2e612aaf4349bc9bfe90d0c0d044cdc099d	54.68736	25.2693399	['bus_station', 'transit_station', 'point_of_interest', 'establishment']
291	a44791a6a02cd95340bf5c5be008c5289bd3211b	54.6917	25.2891	['bus_station', 'transit_station', 'point_of_interest', 'establishment']
292	7f61a80ed2293be705bb68b19582055cc3eba7df	54.68004	25.27628	['bus_station', 'transit_station', 'point_of_interest', 'establishment']
293	bdb92b8204c90edbd912d7e3a8447d22df7470da	54.69090000000001	25.27072	['bus_station', 'transit_station', 'point_of_interest', 'establishment']
294	c8d7ce348bb6ea51a9a22f48e4b18a2c1345268c	54.68958	25.26922	['bus_station', 'transit_station', 'point_of_interest', 'establishment']
295	cca367f3fa7718987578ffe43b6ed461612f5768	54.68401	25.2928699	['bus_station', 'transit_station', 'point_of_interest', 'establishment']
296	41586a0879154e09ca0f01cdefc2b327c4abc5ae	54.69172	25.2711599	['bus_station', 'transit_station', 'point_of_interest', 'establishment']
297	332537fb14203c92eadb4a35cbb6db7b66ccd38b	54.67934	25.27802	['bus_station', 'transit_station', 'point_of_interest', 'establishment']
298	b9d1dae09648c8f96bc7bbdb33dc9b7b40aed109	54.68835000000001	25.26799	['bus_station', 'transit_station', 'point_of_interest', 'establishment']
299	8e9d5c928c3f309c324d78d49528d9e5b5d73f9b	54.69179	25.27091	['bus_station', 'transit_station', 'point_of_interest', 'establishment']
300	16b706461e9834f5544924204ce1114075a7b734	54.67901999999999	25.2785501	['bus_station', 'transit_station', 'point_of_interest', 'establishment']
301	8cc7130f044df5bc1a275b3ad9bdcfa79cf127ff	54.69448	25.28276	['bus_station', 'transit_station', 'point_of_interest', 'establishment']
302	c26ec07ec760f94503a909a59507db74003a0ed4	54.69159999999999	25.26986999999999	['bus_station', 'transit_station', 'point_of_interest', 'establishment']
303	c70cb615e8cb66e88bd3f693de80be1c0c1e37ae	54.69456999999999	25.2838699	['bus_station', 'transit_station', 'point_of_interest', 'establishment']
304	f2c78ee08083dc1bede0dd8e33508fb13de5ff84	54.68938	25.29449999999999	['bus_station', 'transit_station', 'point_of_interest', 'establishment']
305	2c14382d3d280df0dc6a2277a13dfd610c598b93	54.68783999999999	25.2665899	['bus_station', 'transit_station', 'point_of_interest', 'establishment']
306	eff2c0d7d3e973eb0d5ab78a8f66fa760c42832d	54.68212	25.2929701	['bus_station', 'transit_station', 'point_of_interest', 'establishment']
307	11988d0d7b9ef2e2bf92c5d6b99e6ab97f65143a	54.68197	25.2682	['bus_station', 'transit_station', 'point_of_interest', 'establishment']
308	5025d8d2dab6644f88a41daffd04d4227cc587dd	54.69544	25.27698	['bus_station', 'transit_station', 'point_of_interest', 'establishment']
309	f7edc8a295d76e2149c76976ddfdde1676bd0a0a	54.67823	25.28634	['bus_station', 'transit_station', 'point_of_interest', 'establishment']
310	9aa642b182aab11912118848a4687ceac34814e0	54.68965000000001	25.29581	['bus_station', 'transit_station', 'point_of_interest', 'establishment']
311	f9be8fb087a0d6f8cb8c2ba00077f70121e2b5d8	54.69564	25.27743	['bus_station', 'transit_station', 'point_of_interest', 'establishment']
312	a849afd6a5309a0918d38898d024fdb487370566	54.69506	25.28809	['bus_station', 'transit_station', 'point_of_interest', 'establishment']
313	f4281eddd9bb7331525483526f7a38b08c805db6	54.69507999999999	25.2883801	['bus_station', 'transit_station', 'point_of_interest', 'establishment']
314	7a93ef3d9408ce71c7b5a017e16631e7b6c521d4	54.67993999999999	25.29236	['bus_station', 'transit_station', 'point_of_interest', 'establishment']
315	de77183adfbb217a9a3699735c8bfc3e8e69b214	54.69477	25.2895401	['bus_station', 'transit_station', 'point_of_interest', 'establishment']
316	6d43f4dcd7715a57c9723ca9e15071f806a65e2a	54.67991	25.2926601	['bus_station', 'transit_station', 'point_of_interest', 'establishment']
317	4c9d12f878362d318606b6e31aa5d9bc9b1f2e1e	54.69497	25.2895499	['bus_station', 'transit_station', 'point_of_interest', 'establishment']
318	9d66b8bc7fd4048985d6e013026d3fccfaed828e	54.68024	25.29365	['bus_station', 'transit_station', 'point_of_interest', 'establishment']
319	2723fceae217a51871415118e21966b3cc7bd972	54.68144999999999	25.2664	['bus_station', 'transit_station', 'point_of_interest', 'establishment']
320	335568ce11ed3e856e97621e6485b78308976730	54.67665	25.28086	['bus_station', 'transit_station', 'point_of_interest', 'establishment']
321	58eac598be28f29ed3469d4ce18f62fcf3abf338	54.68828	25.2635201	['bus_station', 'transit_station', 'point_of_interest', 'establishment']
322	3bec6bcd6540c955d0db811513f0280c6e0a4068	54.68203	25.26526	['bus_station', 'transit_station', 'point_of_interest', 'establishment']
323	fc2dd3664d3a27b76b81d3dcca6a48bb2246d04c	54.68812	25.26329	['bus_station', 'transit_station', 'point_of_interest', 'establishment']
324	07aeaa24c046a7f0d45ae7b61f36ad1747ce2d8a	54.6816	25.26471	['bus_station', 'transit_station', 'point_of_interest', 'establishment']
325	822399d1a45d24bfd15d027780dc7eed8ca7b0d3	54.68082	25.2654799	['bus_station', 'transit_station', 'point_of_interest', 'establishment']
326	fd545a8832101f9b585d869b0bd13987c581c506	54.68909	25.2626099	['bus_station', 'transit_station', 'point_of_interest', 'establishment']
327	7bf57f5869f20f9b38d64554ca0d2c4eb7c10c24	54.69671	25.27311	['bus_station', 'transit_station', 'point_of_interest', 'establishment']
328	3dde1e1a7b9d92292f10162778332d9a9750c829	54.6701643	25.2844128	['train_station', 'transit_station', 'point_of_interest', 'establishment']
329	03c118f6df85e981c55471eb17beba9180dbe48f	54.68812	25.27981	['transit_station', 'point_of_interest', 'establishment']
330	dd0cbde162d1cb59f3fa33654552e3399f7503c8	54.68657	25.28655	['transit_station', 'point_of_interest', 'establishment']
331	23f8eb41b79ca0e16c4fa649e33cc1085c9adee2	54.688425	25.287825	['transit_station', 'point_of_interest', 'establishment']
332	85ae9815beba154cee86d7206b3127774ea8ef57	54.69101999999999	25.27653	['transit_station', 'point_of_interest', 'establishment']
333	66fe2955a2e7f4abdcbf0872719471f9ff41e329	54.69235	25.2802549	['transit_station', 'point_of_interest', 'establishment']
334	4fecfbb54ebad2fda313c860d03b05b276072357	54.68132999999999	25.277355	['transit_station', 'point_of_interest', 'establishment']
335	9c7df45c87dc0d9b7eb37899adf177e773419f88	54.684845	25.290675	['transit_station', 'point_of_interest', 'establishment']
336	152bf1516369f5bfe735a49f363d2a98a35872be	54.69087	25.2889	['transit_station', 'point_of_interest', 'establishment']
337	9441b70ccedab9a677b55045225581462db4c406	54.688965	25.26860499999999	['transit_station', 'point_of_interest', 'establishment']
338	30755d38ce5e2d8b212e9bff3435910a031683bf	54.679515	25.277395	['transit_station', 'point_of_interest', 'establishment']
339	d8272cd91b9827cd33120a2016c396cde39ee3b3	54.6876	25.267965	['transit_station', 'point_of_interest', 'establishment']
340	45da443a5bf05b7b099162c5cadec7d8b1a14a99	54.691755	25.271035	['transit_station', 'point_of_interest', 'establishment']
341	a5e7bfecd572be3ea14c401bf049455b1297f6f3	54.682965	25.292915	['transit_station', 'point_of_interest', 'establishment']
342	8a5b377de072092f0b2b209c5ee2bdc0b28eb8c5	54.69452499999999	25.283315	['transit_station', 'point_of_interest', 'establishment']
343	a41457d370228b01245084bb730d05b0ebac4dce	54.689515	25.2951551	['transit_station', 'point_of_interest', 'establishment']
344	bb706645e41edf5db5d93d1aeb6367f11f5d55ac	54.69554	25.27720500000001	['transit_station', 'point_of_interest', 'establishment']
345	de0dcb068f3e14291d1a65138c31a098489f15d0	54.68171	25.2673	['transit_station', 'point_of_interest', 'establishment']
346	a576698a140e745ee4249aa9502176462bdc227c	54.69519	25.288145	['transit_station', 'point_of_interest', 'establishment']
347	a2e011df49f8aef365b127735229e8084c1bc025	54.679925	25.29251	['transit_station', 'point_of_interest', 'establishment']
348	d18a5646f42b42db4f27997cd748a9f16a26f015	54.69486999999999	25.289545	['transit_station', 'point_of_interest', 'establishment']
349	16017bc7acc89cdd4b6bdee25355e0fa55cca7de	54.68819999999999	25.263405	['transit_station', 'point_of_interest', 'establishment']
350	c261b1abdada66a49a2b75fe0214eead0a542879	54.681425	25.265095	['transit_station', 'point_of_interest', 'establishment']
351	2362be979fafddc5e7a55db13d1a356d7cadc2d3	54.689015	25.262345	['transit_station', 'point_of_interest', 'establishment']
352	7d4bf89bdde4b4c838359b6cd6322dd715a9db19	54.697195	25.27213	['transit_station', 'point_of_interest', 'establishment']
353	28306f8f392f7045cf42c1b313570f0c6a29cb82	54.677815	25.267335	['transit_station', 'point_of_interest', 'establishment']
354	194c69586c1080928ed192e2797253a3f93d652e	54.69560999999999	25.296515	['transit_station', 'point_of_interest', 'establishment']
355	17e04a6c370403c41e356a43ff8e445cf5a0139d	54.69975	25.2827501	['transit_station', 'point_of_interest', 'establishment']
356	9f07a8b846619852d5044195f5b6cec718b40725	54.6766	25.2968599	['transit_station', 'point_of_interest', 'establishment']
357	b13cc827fbb41b0181503a9750cd0c194cb3aeee	54.672735	25.27794	['transit_station', 'point_of_interest', 'establishment']
358	65bcee6eda3f99f549346ea71a22171c6930c38c	54.697375	25.29682	['transit_station', 'point_of_interest', 'establishment']
359	4cd900414fd3f17a00ee3b773e921a003aeac94a	54.679665	25.2594799	['transit_station', 'point_of_interest', 'establishment']
360	dade180a1a7dafbdd70102896d3c62570440d1b3	54.68766	25.305465	['transit_station', 'point_of_interest', 'establishment']
361	723630ea9ad00e2ddd71173b6a4bad391f946cd9	54.69288	25.3031401	['transit_station', 'point_of_interest', 'establishment']
362	3f68377e0cca733470b974b8caa32e98a664247d	54.69839	25.2664	['transit_station', 'point_of_interest', 'establishment']
363	7ddd0e7e12fd5fd50ee728ab520893bb04aef335	54.689005	25.256325	['transit_station', 'point_of_interest', 'establishment']
364	d8440e30665f250123ed6cd8025254493ccca05e	54.69721	25.263835	['transit_station', 'point_of_interest', 'establishment']
365	07fdb24bd9a3a48a62d7fa7250a81db2d8c12f04	54.700835	25.286385	['transit_station', 'point_of_interest', 'establishment']
366	c5f7a489fbb766a2e1435535c52e2fe3145a7777	54.69126000000001	25.30487	['transit_station', 'point_of_interest', 'establishment']
367	d962712c039a7939840a85dbb6948594122ef9f9	54.69145	25.256325	['transit_station', 'point_of_interest', 'establishment']
368	cd30f682fecc5d14eea701edf30d49e0bb9a2678	54.700435	25.29268	['transit_station', 'point_of_interest', 'establishment']
369	d842c864d2333280e2641feb311a877fed04bba0	54.67086	25.2840205	['transit_station', 'point_of_interest', 'establishment']
370	f1032edc6935b49ebe62527c6c21f722feccec70	54.67712	25.303055	['transit_station', 'point_of_interest', 'establishment']
371	710b991570bc6b22dcfd68e9212ed76282702567	54.6979	25.3008099	['transit_station', 'point_of_interest', 'establishment']
372	3771ce1b4b7dfc6ebc509443180079ca6bf40c6e	54.67398	25.29815499999999	['transit_station', 'point_of_interest', 'establishment']
373	37adbf5f17da3183a0a712cc48a4c57592c3daf9	54.685025	25.30885	['transit_station', 'point_of_interest', 'establishment']
374	f739c2c48af55322f8babeb0521a8b81c0f5f8fc	54.671865	25.2693449	['transit_station', 'point_of_interest', 'establishment']
375	175f9ce6b27687ec6e50fa86481b8a9173fccdb3	54.69849999999999	25.26127	['transit_station', 'point_of_interest', 'establishment']
376	2b4e634d2be9662f66603d24f735e7464be1deb1	54.671125	25.29048	['transit_station', 'point_of_interest', 'establishment']
